bmi_class,n,CR-POPF B/C,Clavien ≥III,Conversion,Réadmission,Réintervention
<18.5,61,0.13114754098360656,0.13114754098360656,0.11475409836065574,0.04918032786885246,0.06557377049180328
18.5-24.9,952,0.16491596638655462,0.16071428571428573,0.13130252100840337,0.1334033613445378,0.05567226890756303
25-29.9,603,0.19900497512437812,0.2023217247097844,0.17744610281923714,0.175787728026534,0.06135986733001658
30-34.9,304,0.23026315789473684,0.19736842105263158,0.19736842105263158,0.1875,0.05592105263157895
35-39.9,79,0.22784810126582278,0.189873417721519,0.189873417721519,0.189873417721519,0.0759493670886076
≥40,29,0.41379310344827586,0.13793103448275862,0.27586206896551724,0.20689655172413793,0.0
