table,chi2,p_value,logit_interaction_p
"popf_bc           0    1
bmi30 highvol           
0     0        1016  242
      1         315   43
1     0         256   87
      1          56   13",20.449284885809053,0.00013697312401450557,0.6409971388063065
