table,chi2,p_value,logit_interaction_p
"popf_bc          0    1
bmi30 highvol          
0     0        828  216
      1        503   69
1     0        216   84
      1         96   16",37.25270248095653,4.0683529656249107e-08,0.5406452844694715
