table,chi2,p_value,logit_interaction_p
"popf_bc          0    1
bmi30 highvol          
0     0        966  242
      1        365   43
1     0        246   85
      1         66   15",29.44248306857933,1.8077431250818066e-06,0.34982682397584663
