tier,prob_bmi25,prob_bmi40,ard_40_vs_25
Low,0.3336984159269562,0.16508396543058834,-0.16861445049636786
Mid,0.3512063931627796,0.18872688700038712,-0.16247950616239246
High,0.4804434463342906,0.41608991464298645,-0.06435353169130414
