tier,vol_median,bmi_ref,delta_bmi,OR,ci_low,ci_high
Low,5.545454545454546,25,5,0.7719296411499537,0.6850057409457158,0.8698837619422479
Mid,12.25,25,5,0.7912834701808635,0.7120489368614371,0.8793349695054916
High,58.416666666666664,25,5,0.9383943597404538,0.872197126759587,1.009615770765341
