bmi,prob_low,prob_high,diff_high_minus_low,ci_low,ci_high,p_value,p_adj
30,0.260480071719967,0.3346347278420458,0.07415465612207878,0.0346830933072843,0.11362621893687325,0.00023120834822609737,0.00023120834822609737
35,0.2146214080521167,0.2932846641825658,0.07866325613044911,0.04472522576298646,0.11260128649791176,5.546305118286909e-06,1.1092610236573819e-05
40,0.17492662373451676,0.2550852608529456,0.08015863711842883,0.05096383185982981,0.10935344237702785,7.38805785438501e-08,2.2164173563155032e-07
