bmi,prob_low,prob_high,diff_high_minus_low,ci_low,ci_high,p_value,p_adj
30,0.26687342031641936,0.4806045383153331,0.21373111799891376,0.08019577062998187,0.34726646536784567,0.0017063117551769924,0.0017063117551769924
35,0.2193589895726154,0.4647570929272062,0.24539810335459078,0.10310437866141636,0.3876918280477652,0.0007243488974439938,0.0014486977948879876
40,0.17824729031870729,0.4489804906321578,0.2707332003134505,0.11887718676415479,0.42258921386274617,0.00047522915518261044,0.0014256874655478313
