bmi,prob_low,prob_high,diff_high_minus_low,ci_low,ci_high,p_value,p_adj
30,0.2608979027829376,0.47693252116494,0.21603461838200239,0.07733228339845671,0.35473695336554806,0.002267313452829489,0.004534626905658978
35,0.19981008395613692,0.5023877545570943,0.30257767060095736,0.14795916857049396,0.45719617263142076,0.00012526634246889934,0.000375799027406698
40,0.16508396543058834,0.41608991464298645,0.2510059492123981,0.0689024115764113,0.4331094868483849,0.006900587864662633,0.006900587864662633
