threshold,p_interaction
20,0.1905438963736148
50,0.09556804061169012
75,0.8235487716445642
