threshold,p_interaction
20,0.6286444448175463
50,0.006011384525123139
75,
