bmi_bin,bmi_mid,n_high,n_pool,p_high,p_pool,diff,se,p_raw,p_adj
"[15, 20)",17.5,46,134,0.5652173913043478,0.26119402985074625,0.30402336145360154,0.08235536877629236,0.00022284474411882194,0.0006685342323564658
"[20, 25)",22.5,215,599,0.49767441860465117,0.2587646076794658,0.23890981092518537,0.038509414878649485,5.506941569421997e-10,2.7534707847109985e-09
"[25, 30)",27.5,147,475,0.4013605442176871,0.21894736842105264,0.18241317579663444,0.04465995272468628,4.4173534875069365e-05,0.00017669413950027746
"[30, 35)",32.5,63,241,0.36507936507936506,0.14522821576763487,0.2198511493117302,0.06476418375906165,0.0006871866085478295,0.001374373217095659
"[35, 40)",37.5,15,64,0.5333333333333333,0.140625,0.3927083333333333,0.1359443553042088,0.0038678479156231127,0.0038678479156231127
