bmi_bin,bmi_mid,n_high,n_pool,p_high,p_pool,diff,se,p_raw,p_adj
"[15, 20)",17.5,39,141,0.5897435897435898,0.2695035460992908,0.320240043644299,0.08717796054229196,0.00023933874364079344,0.0009573549745631738
"[20, 25)",22.5,193,621,0.49222797927461137,0.2689210950080515,0.22330688426655987,0.0401449131633888,2.6590647239643772e-08,1.3295323619821886e-07
"[25, 30)",27.5,126,496,0.38095238095238093,0.2318548387096774,0.14909754224270352,0.04723046714011712,0.0015950603703838162,0.004785181111151449
"[30, 35)",32.5,52,252,0.3269230769230769,0.1626984126984127,0.16422466422466422,0.06908117353613806,0.017441273258849588,0.017441273258849588
"[35, 40)",37.5,15,64,0.5333333333333333,0.140625,0.3927083333333333,0.1359443553042088,0.0038678479156231127,0.007735695831246225
