model_int_llf,model_add_llf,df_diff,lrt_stat,p_lrt
-1138.689370453817,-1139.4703281683892,4,1.561915429144392,0.8156202167035063
