model_int_llf,model_add_llf,df_diff,lrt_stat,p_lrt
-1149.9739154734566,-1151.0721802360363,4,2.196529525159349,0.6996646970160366
